patterns,tag
Apa itu gempa bumi?,pengertian_gempa
Jelaskan gempa bumi,pengertian_gempa
Pengertian dari gempa bumi,pengertian_gempa
Gempa bumi itu apa?,pengertian_gempa
Pengertian gempa bumi,pengertian_gempa
Gempa bumi adalah,pengertian_gempa
Apa yang dimaksud dengan gempa bumi,pengertian_gempa
Berikan saya definisi gempa bumi,pengertian_gempa
Apa sih yang dimaksud dengan gempa,pengertian_gempa
Apa sih gempa,pengertian_gempa
Defini gempa,pengertian_gempa
Gempa itu apa,pengertian_gempa
Berikan saya maksud dari gempa,pengertian_gempa
Gempa adalah,pengertian_gempa
Penjelasan mengenai gempa,pengertian_gempa
Kenapa gempa bumi bisa terjadi,penyebab_gempa
Penyebab gempa,penyebab_gempa
Alasan gempa bumi terjadi,penyebab_gempa
Mengapa terjadi gempa?,penyebab_gempa
Apakah faktor-faktor penyebab gempa?,penyebab_gempa
Bagaimana proses terjadinya gempa bumi?,penyebab_gempa
Faktor-faktor yang mempengaruhi terjadinya gempa,penyebab_gempa
Apa yang menyebabkan terjadinya gempa bumi?,penyebab_gempa
Faktor apa yang memicu terjadinya gempa?,penyebab_gempa
Kok gempa bisa terjadi,penyebab_gempa
Kenapa gempa bisa terjadi,penyebab_gempa
Apa saja yang membuat terjadinya gempa,penyebab_gempa
Apa saja faktor terjadi gempa,penyebab_gempa
Kok bisa ada gempa,penyebab_gempa
Jenis-jenis gempa bumi apa saja?,jenis_gempa
Jenis gempa,jenis_gempa
Jenis jenis gempa bumi,jenis_gempa
Apa saja klasifikasi gempa bumi?,jenis_gempa
klasifikasi gempa,jenis_gempa
Apa saja klasifikasi gempa,jenis_gempa
Gempa bumi memiliki klasifikasi apa saja?,jenis_gempa
Klasifkasi gempa bumi,jenis_gempa
Kategori gempa,jenis_gempa
Jenis gempa berdasarkan penyebab,jenis_gempa
Jelaskan jenis jenis gempa,jenis_gempa
Sebutkan jenis gempa,jenis_gempa
Apa saja jenis gempa,jenis_gempa
Berapa banyak jenis gempa,jenis_gempa
Jenis gempa itu ada berapa,jenis_gempa
Berikan saya jenis gempa,jenis_gempa
Apa itu gempa tektonik,gempa_tektonik
Pengertian gempa tektonik,gempa_tektonik
Jelaskan gempa tektonik,gempa_tektonik
Gempa tektonik adalah,gempa_tektonik
Gempa tektonik apa,gempa_tektonik
Apa yang dimaksud dengan gempa tektonik,gempa_tektonik
Berikan saya definisi gempa tektonik,gempa_tektonik
Apa sih yang dimaksud dengan gempa tektonik,gempa_tektonik
Bagaimana gempa tektonik terjadi,gempa_tektonik
Jelaskan apa yang dimaksud dengan gempa tektonik,gempa_tektonik
Defini gempa tektonik,gempa_tektonik
Jelaskan gempa tektonk,gempa_tektonik
Pengertian dari gempa tektonik,gempa_tektonik
Gempa tektonik itu apa?,gempa_tektonik
Apa sih gempa tektonik,gempa_tektonik
Gempa tektonik itu apa,gempa_tektonik
Berikan saya maksud dari gempa tektonik,gempa_tektonik
Penjelasan mengenai gempa tektonik,gempa_tektonik
Apa itu gempa vulkanik,gempa_vulkanik
Pengertian gempa vulkanik,gempa_vulkanik
Jelaskan gempa vulkanik,gempa_vulkanik
Gempa vulkanik adalah,gempa_vulkanik
Gempa vulkanik apa,gempa_vulkanik
Apa yang dimaksud dengan gempa vulkanik,gempa_vulkanik
Berikan saya definisi gempa vulkanik,gempa_vulkanik
Apa sih yang dimaksud dengan gempa vulkanik,gempa_vulkanik
Bagaimana gempa vulkanik terjadi,gempa_vulkanik
Defini gempa vulkanik,gempa_vulkanik
Pengertian dari gempa vulkanik,gempa_vulkanik
Gempa vulkanik itu apa?,gempa_vulkanik
Apa sih gempa vulkanik,gempa_vulkanik
Gempa vulkanik itu apa,gempa_vulkanik
Berikan saya maksud dari gempa vulkanik,gempa_vulkanik
Penjelasan mengenai gempa vulkanik,gempa_vulkanik
Apa itu gempa dampak meteorit,gempa_dampak_meteorit
Pengertian gempa dampak meteorit,gempa_dampak_meteorit
Jelaskan gempa dampak meteorit,gempa_dampak_meteorit
Gempa dampak meteorit adalah,gempa_dampak_meteorit
Gempa dampak meteorit apa,gempa_dampak_meteorit
Apa yang dimaksud dengan gempa dampak meteorit,gempa_dampak_meteorit
Berikan saya definisi gempa dampak meteorit,gempa_dampak_meteorit
Apa sih yang dimaksud dengan gempa dampak meteorit,gempa_dampak_meteorit
Bagaimana gempa dampak meteorit terjadi,gempa_dampak_meteorit
Defini gempa dampak meteorit,gempa_dampak_meteorit
Pengertian dari gempa dampak meteorit,gempa_dampak_meteorit
Gempa dampak meteorit itu apa?,gempa_dampak_meteorit
Apa sih gempa dampak meteorit,gempa_dampak_meteorit
Gempa dampak meteorit itu apa,gempa_dampak_meteorit
Berikan saya maksud dari gempa dampak meteorit,gempa_dampak_meteorit
Penjelasan mengenai gempa dampak meteorit,gempa_dampak_meteorit
Apa itu gempa buatan,gempa_buatan
Pengertian gempa buatan,gempa_buatan
Jelaskan gempa buatan,gempa_buatan
Gempa buatan adalah,gempa_buatan
Gempa buatan apa,gempa_buatan
Apa yang dimaksud dengan gempa buatan,gempa_buatan
Berikan saya definisi gempa buatan,gempa_buatan
Apa sih yang dimaksud dengan gempa buatan,gempa_buatan
Bagaimana gempa buatan terjadi,gempa_buatan
Defini gempa buatan,gempa_buatan
Pengertian dari gempa buatan,gempa_buatan
Gempa buatan itu apa?,gempa_buatan
Apa sih gempa buatan,gempa_buatan
Gempa buatan itu apa,gempa_buatan
Berikan saya maksud dari gempa buatan,gempa_buatan
Penjelasan mengenai gempa buatan,gempa_buatan
Bagaimana skala gempa diukur?,skala_gempa
Apa yang digunakan untuk mengukur kekuatan skala gempa?,skala_gempa
Bagaimana cara menentukan skala gempa?,skala_gempa
Apakah ada metode khusus untuk mengukur skala gempa bumi?,skala_gempa
Cara mengukur skala gempa,skala_gempa
Mengukur skala gempa menggunakan apa,skala_gempa
Mengukur kekuatan gempa bumi menggunakan skala apa,skala_gempa
Skala yang digunakan untuk mengkur gempa,skala_gempa
Apa saja skala yang digunakan untuk mengukur kekuatan gempa bumi,skala_gempa
Skala mengukur kekuatan gempa bumi,skala_gempa
Apa saja alat ukur gempa bumi,alat_ukur_gempa
Apa saja alat ukur gempa,alat_ukur_gempa
Alat ukur gempa bumi,alat_ukur_gempa
Alat ukur gempa,alat_ukur_gempa
Apa alat yang digunakan untuk mengukur gempa?,alat_ukur_gempa
Alat apa yang digunakan untuk mendeteksi gempa bumi?,alat_ukur_gempa
Bagaimana cara mengukur gempa?,alat_ukur_gempa
Seismometer adalah,alat_ukur_gempa
Fungsi seismometer,alat_ukur_gempa
Seismograf adalah,alat_ukur_gempa
fungsi seismograf,alat_ukur_gempa
Seismogram adalah,alat_ukur_gempa
fungsi seismogram,alat_ukur_gempa
Apa itu skala ritcher,richter
Apa itu ritcher,richter
Ritcher adalah,richter
Skala ritcher adalah,richter
Pengertian skala ritcher,richter
Jelaskan skala ritcher,richter
Skala ritcher apa,richter
Apa yang dimaksud dengan skala ritcher,richter
Berikan saya definisi skala ritcher,richter
Apa sih yang dimaksud dengan skala ritcher,richter
Apa sih skala ritcher,richter
Definisi skala ritcher,richter
Apa itu skala magnitudo,magnitudo
Apa itu magnitudo,magnitudo
magnitudo adalah,magnitudo
Skala magnitudo adalah,magnitudo
Pengertian skala magnitudo,magnitudo
Jelaskan skala magnitudo,magnitudo
Skala magnitudo apa,magnitudo
Apa yang dimaksud dengan skala magnitudo,magnitudo
Berikan saya definisi skala magnitudo,magnitudo
Apa sih yang dimaksud dengan skala magnitudo,magnitudo
Apa saja tingkatan skala magnitudo?,tingkatan_skala_magnitudo
Klasifikasi tingkatan gempa bumi berdasarkan skala magnitudo?,tingkatan_skala_magnitudo
Apakah ada sistem penilaian skala magnitudo untuk mengukur tingkatan kekuatan gempa bumi?,tingkatan_skala_magnitudo
Kerusakan berdasarkan tingkatan skala magnitudo gempa,tingkatan_skala_magnitudo
Magnitudo gempa dan kerusakan yang dihasilkan,tingkatan_skala_magnitudo
Magnitudo dan kerusakannya,tingkatan_skala_magnitudo
Tingkat gempa berdasarkan magnitudo,tingkatan_skala_magnitudo
Tingkatan skala magnitudo,tingkatan_skala_magnitudo
Perbedaan skala ritcher dan magnitudo,perbedaan_skala_ritcher_dan_magnitudo
Apa saja perbedaaan skala ritcher dan magnitudo,perbedaan_skala_ritcher_dan_magnitudo
Sebutkan perbedaan skala ritcher dan magnitudo,perbedaan_skala_ritcher_dan_magnitudo
Skala magnitudo dan ritcher bedannya apa,perbedaan_skala_ritcher_dan_magnitudo
Apa saja perbedaan skala ritcher dan magnitudo,perbedaan_skala_ritcher_dan_magnitudo
Beda skala ritcher dan magnitudo,perbedaan_skala_ritcher_dan_magnitudo
Jelaskan perbedaan skala ritcher dan magnitudo,perbedaan_skala_ritcher_dan_magnitudo
Beda ritcher dan magnitudo,perbedaan_skala_ritcher_dan_magnitudo
Perbedaan ritcher dan magnitudo,perbedaan_skala_ritcher_dan_magnitudo
Apa itu hiposentrum,hiposentrum_dan_episentrum
Hiposentrum apa,hiposentrum_dan_episentrum
Hiposentrum adalah,hiposentrum_dan_episentrum
Pengertian hiposentrum,hiposentrum_dan_episentrum
Apa itu episentrum,hiposentrum_dan_episentrum
Episentrum apa,hiposentrum_dan_episentrum
Pengertian episentrum,hiposentrum_dan_episentrum
Episentrum adalah,hiposentrum_dan_episentrum
Perbedaan hiposentrum dan episentrum,hiposentrum_dan_episentrum
Apa saja perbedaaan hiposentrum dan episentrum,hiposentrum_dan_episentrum
Hubungan hiposentrum dan episentrum,hiposentrum_dan_episentrum
Apa saja dampak yang disebabkan oleh gempa bumi?,dampak_gempa
Bagaimana gempa bumi mempengaruhi lingkungan?,dampak_gempa
Apakah ada kerusakan fisik yang diakibatkan oleh gempa bumi?,dampak_gempa
Bagaimana infrastruktur terpengaruh oleh gempa bumi?,dampak_gempa
Apakah ada dampak langsung pada bangunan akibat gempa bumi?,dampak_gempa
Apa dampak dari gempa bumi?,dampak_gempa
Apa yang bisa terjadi akibat gempa bumi?,dampak_gempa
Apa dampak gempa bumi,dampak_gempa
Kerusakan akibat gempa bumi,dampak_gempa
Apa saja risiko yang dapat timbul akibat gempa bumi?,dampak_gempa
Dampak gempa,dampak_gempa
Apa yang dimaksud dengan gelombang seismik?,seismik
Bagaimana gelombang seismik terbentuk?,seismik
Gelombang seismik adalah,seismik
Seismik adalah,seismik
Apa itu gelombang seismik,seismik
Pengertian gelombang seismik?,seismik
Jelaskan gelombang seismik?,seismik
gelombang seismik apa,seismik
Berikan saya definisi gelombang seismik,seismik
Apa sih yang dimaksud dengan gelombang seismik,seismik
Bagaimana gelombang seismik terjadi,seismik
Defini gelombang seismik,seismik
Jelaskan gelombang seismik,seismik
Pengertian dari gelombang seismik,seismik
gelombang seismik itu apa?,seismik
Apa sih gelombang seismik,seismik
gelombang seismik itu apa,seismik
Berikan saya maksud dari gelombang seismik,seismik
Penjelasan mengenai gelombang seismik,seismik
Gelombang seismik,seismik
Apa itu seismologi?,seismologi
Bagaimana definisi seismologi?,seismologi
Apa yang dipelajari dalam seismologi?,seismologi
seismologi adalah,seismologi
Ilmu yang mempelajari gempa adalah,seismologi
Ilmu mempelajari gempa bumi,seismologi
Penjelasan mengenai seismologi,seismologi
Apakah yang dimaksud dengan seismologi,seismologi
Seismologi,seismologi
Apa itu P-wave,P_wave
Apa itu gelombang primer,P_wave
P-wave adalah,P_wave
gelombang primer adalah,P_wave
Pengertian P-wave,P_wave
Pengertian gelombang primer,P_wave
Jelaskan P-wave,P_wave
Jelaskan gelombang primer,P_wave
Gelombang primer adalah,P_wave
P-wave apa,P_wave
Gelombang primer apa,P_wave
Gelombang primer,P_wave
P-wave,P_wave
Penjelasan mengenai gelombang primer,P_wave
Apa yang dimaksud dengan gelombang primer,P_wave
Gelombang primer itu apa,P_wave
Apasih gelombang primer,P_wave
"Maksud dari gelombang primer,",P_wave
Apa itu S-wave,S_wave
Apa itu gelombang sekunder,S_wave
S-wave adalah,S_wave
Gelombang sekunder adalah,S_wave
Pengertian S-wave,S_wave
Pengertian gelombang sekunder,S_wave
Jelaskan S-wave,S_wave
Jelaskan gelombang sekunder,S_wave
S-wave apa,S_wave
Gelombang sekunder apa,S_wave
Gelombang sekunder,S_wave
S-wave,S_wave
Penjelasan mengenai gelombang sekunder,S_wave
Apa yang dimaksud dengan gelombang sekunder,S_wave
Gelombang sekunder itu apa,S_wave
Apasih gelombang sekunder,S_wave
"Maksud dari gelombang sekunder,",S_wave
Apa itu tsunami?,tsunami
Bagaimana definisi tsunami?,tsunami
Apa yang dimaksud dengan gelombang laut besar?,tsunami
Bagaimana tsunami terbentuk?,tsunami
tsunami adalah,tsunami
tsunami apa,tsunami
Jelaskan tsunami,tsunami
Penjelasan mengenai tsunami,tsunami
Apa yang dimaksud dengan tsunami,tsunami
tsunami itu apa,tsunami
Apasih tsunami,tsunami
Maksud dari tsunami,tsunami
Pengertian tsunami,tsunami
Berikan saya definisi tsunami,tsunami
Apa sih yang dimaksud dengan tsunami,tsunami
Bagaimana tsunami terjadi,tsunami
Defini tsunami,tsunami
tsunami itu apa?,tsunami
Apa sih tsunami,tsunami
Gempa bisa menyebabkan tsunami?,tsunami_akibat_gempa
Bagaimana hubungan antara gempa bumi dan tsunami?,tsunami_akibat_gempa
Apakah semua gempa bumi menghasilkan tsunami?,tsunami_akibat_gempa
Faktor-faktor apa yang mempengaruhi apakah sebuah gempa bumi akan menyebabkan tsunami?,tsunami_akibat_gempa
Bagaimana gempa menyebabkan tsunami,tsunami_akibat_gempa
Apakah gempa menyebabakan tsunami,tsunami_akibat_gempa
Apakah tsunami disebabkan gempa,tsunami_akibat_gempa
Tsunami mematikan yang melanda indonesia?,tsunami_terparah_indonesia
Contoh tsunami parah yang pernah terjadi di indonesia?,tsunami_terparah_indonesia
Apakah ada tsunami yang menyebabkan kerusakan besar di indonesia?,tsunami_terparah_indonesia
Tsunami terparah indonesia,tsunami_terparah_indonesia
Tsunami dengan korban jiwa terbanyak di indonesia,tsunami_terparah_indonesia
Apakah gempa bumi dapat diprediksi,bisakah_prediksi_gempa
Bisakah kita memprediksi gempa bumi,bisakah_prediksi_gempa
Cara memprediksi gempa,bisakah_prediksi_gempa
Adakah alat atau metode untuk memprediksi gempa bumi?,bisakah_prediksi_gempa
Bagaimana dengan prediksi gempa?,bisakah_prediksi_gempa
Bisakah gempa bumi diprediksi?,bisakah_prediksi_gempa
Apakah ada cara untuk memprediksi gempa bumi?,bisakah_prediksi_gempa
Adakah teknologi yang dapat digunakan untuk memprediksi gempa?,bisakah_prediksi_gempa
Prediksi gempa,bisakah_prediksi_gempa
Apakah tsunami dapat diprediksi?,bisakah_prediksi_tsunami
Bisakah kita memprediksi tsunami?,bisakah_prediksi_tsunami
Cara memprediksi tsunami,bisakah_prediksi_tsunami
Adakah alat atau metode untuk memprediksi tsunami?,bisakah_prediksi_tsunami
Bagaimana dengan prediksi tsunami?,bisakah_prediksi_tsunami
Bisakah tsunami diprediksi?,bisakah_prediksi_tsunami
Apakah ada cara untuk memprediksi tsunami?,bisakah_prediksi_tsunami
Adakah teknologi yang dapat digunakan untuk memprediksi tsunami?,bisakah_prediksi_tsunami
Prediksi tsunami,bisakah_prediksi_tsunami
Apakah hewan dapat memprediksi gempa?,hewan_prediksi_gempa
Bisakah hewan memprediksi gempa bumi sebelum terjadi?,hewan_prediksi_gempa
Apakah ada bukti bahwa hewan memprediksi gempa sebelum terjadinya gempa?,hewan_prediksi_gempa
Hewan prediksi gempa,hewan_prediksi_gempa
Bagaimana kemampuan hewan dalam memprediksi bencana alam?,hewan_prediksi_gempa
Apakah hewan bisa prediksi terjadinya gempa bumi,hewan_prediksi_gempa
Di mana saja wilayah yang rawan terhadap gempa di Indonesia?,wilayah_rawan_gempa
Apa saja daerah di Indonesia yang rawan terhadap gempa bumi?,wilayah_rawan_gempa
Bagaimana dengan tingkat rawan gempa di Indonesia?,wilayah_rawan_gempa
Apakah Indonesia memiliki daerah yang lebih rawan terhadap gempa?,wilayah_rawan_gempa
Wilayah rawan gempa,wilayah_rawan_gempa
Wilayah yang sering gempa,wilayah_rawan_gempa
Wilayah mana di indonesia yang sering terjadi gempa bumi,wilayah_rawan_gempa
Apa itu patahan?,patahan
Bagaimana definisi patahan?,patahan
Apa yang dimaksud dengan patahan?,patahan
Bagaimana patahan terbentuk?,patahan
patahan adalah,patahan
patahan apa,patahan
Jelaskan patahan,patahan
Penjelasan mengenai patahan,patahan
Apa yang dimaksud dengan patahan,patahan
patahan itu apa,patahan
Apasih patahan,patahan
Maksud dari patahan,patahan
Pengertian patahan,patahan
Berikan saya definisi patahan,patahan
Apa sih yang dimaksud dengan patahan,patahan
Bagaimana patahan terjadi,patahan
Jelaskan pengertian dari patahan?,patahan
Patahan,patahan
Apa itu patahan naik,patahan_naik
Patahan naik adalah,patahan_naik
Pengertian patahan naik,patahan_naik
Jelaskan patahan naik,patahan_naik
Patahan naik adalah?,patahan_naik
Patahan naik apa?,patahan_naik
Apa yang dimaksud dengan patahan naik?,patahan_naik
Jelaskan pengertian dari patahan naik?,patahan_naik
Bagaimana cara kerja patahan naik,patahan_naik
Apa yang menjadi penyebab utama terjadinya patahan naik?,patahan_naik
Bagaimana dampak dari adanya patahan naik?,patahan_naik
Mekanisme patahan naik,patahan_naik
Patahan naik,patahan_naik
Apa itu patahan normal,patahan_normal
Patahan normal adalah,patahan_normal
Pengertian patahan normal,patahan_normal
Jelaskan patahan normal,patahan_normal
Patahan normal adalah?,patahan_normal
Patahan normal apa?,patahan_normal
Apa yang dimaksud dengan patahan normal?,patahan_normal
Jelaskan pengertian dari patahan normal?,patahan_normal
Bagaimana cara kerja patahan normal,patahan_normal
Apa yang menjadi penyebab utama terjadinya patahan normal?,patahan_normal
Bagaimana dampak dari adanya patahan normal?,patahan_normal
Mekanisme patahan normal,patahan_normal
Patahan normal,patahan_normal
Apa itu patahan geser,patahan_geser
Patahan geser adalah,patahan_geser
Pengertian patahan geser,patahan_geser
Jelaskan patahan geser,patahan_geser
Patahan geser adalah?,patahan_geser
Patahan geser apa?,patahan_geser
Apa yang dimaksud dengan patahan geser?,patahan_geser
Jelaskan pengertian dari patahan geser?,patahan_geser
Bagaimana cara kerja patahan geser,patahan_geser
Apa yang menjadi penyebab utama terjadinya patahan geser?,patahan_geser
Bagaimana dampak dari adanya patahan geser?,patahan_geser
Mekanisme patahan geser,patahan_geser
Patahan geser,patahan_geser
Apa itu patahan divergen,patahan_divergen
Patahan divergen adalah,patahan_divergen
Pengertian patahan divergen,patahan_divergen
Jelaskan patahan divergen,patahan_divergen
Patahan divergen adalah?,patahan_divergen
Patahan divergen apa?,patahan_divergen
Apa yang dimaksud dengan patahan divergen?,patahan_divergen
Jelaskan pengertian dari patahan divergen?,patahan_divergen
Bagaimana cara kerja patahan divergen,patahan_divergen
Apa yang menjadi penyebab utama terjadinya patahan divergen?,patahan_divergen
Bagaimana dampak dari adanya patahan divergen?,patahan_divergen
Mekanisme patahan divergen,patahan_divergen
Patahan divergen,patahan_divergen
Apa itu patahan terbalik,patahan_terbalik
Patahan terbalik adalah,patahan_terbalik
Pengertian patahan terbalik,patahan_terbalik
Jelaskan patahan terbalik,patahan_terbalik
Patahan terbalik adalah?,patahan_terbalik
Patahan terbalik apa?,patahan_terbalik
Apa yang dimaksud dengan patahan terbalik?,patahan_terbalik
Jelaskan pengertian dari patahan terbalik?,patahan_terbalik
Bagaimana cara kerja patahan terbalik,patahan_terbalik
Apa yang menjadi penyebab utama terjadinya patahan terbalik?,patahan_terbalik
Bagaimana dampak dari adanya patahan terbalik?,patahan_terbalik
Mekanisme patahan terbalik,patahan_terbalik
Patahan terbalik,patahan_terbalik
Apa itu patahan miring,patahan_miring
Patahan miring adalah,patahan_miring
Pengertian patahan miring,patahan_miring
Jelaskan patahan miring,patahan_miring
Patahan miring adalah?,patahan_miring
Patahan miring apa?,patahan_miring
Apa yang dimaksud dengan patahan miring?,patahan_miring
Jelaskan pengertian dari patahan miring?,patahan_miring
Bagaimana cara kerja patahan miring,patahan_miring
Apa yang menjadi penyebab utama terjadinya patahan miring?,patahan_miring
Bagaimana dampak dari adanya patahan miring?,patahan_miring
Mekanisme patahan miring,patahan_miring
Patahan miring,patahan_miring
Apakah patahan bisa menyebabkan gempa bumi?,gempa_akibat_patahan
Bagaimana patahan berkaitan dengan terjadinya gempa bumi?,gempa_akibat_patahan
Apakah patahan selalu menjadi penyebab terjadinya gempa?,gempa_akibat_patahan
Apa peran patahan dalam pembentukan gempa bumi?,gempa_akibat_patahan
Bagaimana proses terjadinya gempa bumi akibat patahan?,gempa_akibat_patahan
Mengapa patahan sering dikaitkan dengan gempa bumi?,gempa_akibat_patahan
Apakah patahan menyebabkan gempa,gempa_akibat_patahan
Gempa akibat patahan,gempa_akibat_patahan
Apa itu lempeng,lempeng
Lempeng adalah,lempeng
Pengertian lempeng,lempeng
Jelaskan lempeng,lempeng
Lempeng adalah?,lempeng
Lempeng apa?,lempeng
Apa yang dimaksud dengan lempeng?,lempeng
Jelaskan pengertian dari lempeng?,lempeng
Apakah yang definisi lempeng,lempeng
Bagaimana lempeng bisa bergerak,lempeng
Kenapa lempeng bergerak,lempeng
Apa yang dimaksud dengan lapisan Bumi?,lapisan_bumi
Bagaimana struktur lapisan Bumi?,lapisan_bumi
Apakah yang termasuk dalam lapisan Bumi?,lapisan_bumi
Jelaskan tentang komposisi lapisan-lapisan Bumi?,lapisan_bumi
Bagaimana pembagian lapisan Bumi?,lapisan_bumi
Apa itu lapisan bumi?,lapisan_bumi
Bagaimana definisi lapisan bumi?,lapisan_bumi
lapisan bumi adalah,lapisan_bumi
lapisan bumi apa,lapisan_bumi
Jelaskan lapisan bumi,lapisan_bumi
Penjelasan mengenai lapisan bumi,lapisan_bumi
lapisan bumi itu apa,lapisan_bumi
Apasih lapisan bumi,lapisan_bumi
Maksud dari lapisan bumi,lapisan_bumi
Pengertian lapisan bumi,lapisan_bumi
Berikan saya definisi lapisan bumi,lapisan_bumi
Apa sih yang dimaksud dengan lapisan bumi,lapisan_bumi
lapisan bumi itu apa?,lapisan_bumi
Apa sih lapisan bumi,lapisan_bumi
Apa yang dimaksud dengan kerak bumi?,kerak_bumi
Bagaimana definisi kerak bumi?,kerak_bumi
Kerak bumi adalah,kerak_bumi
Jelaskan pengertian kerak bumi,kerak_bumi
Apakah kerak bumi itu,kerak_bumi
Kerak bumi itu apa?,kerak_bumi
Apa itu kerak bumi?,kerak_bumi
Bagaimana definisi kerak bumi?,kerak_bumi
kerak bumi apa,kerak_bumi
Jelaskan kerak bumi,kerak_bumi
Penjelasan mengenai kerak bumi,kerak_bumi
Apasih kerak bumi,kerak_bumi
Maksud dari kerak bumi,kerak_bumi
Pengertian kerak bumi,kerak_bumi
Berikan saya definisi kerak bumi,kerak_bumi
Apa sih yang dimaksud dengan kerak bumi,kerak_bumi
kerak bumi itu apa?,kerak_bumi
Apa saja jenis kerak Bumi?,jenis_kerak
Bagaimana jenis-jenis kerak Bumi dibagi?,jenis_kerak
Apakah yang dimaksud dengan kerak benua dan kerak samudera?,jenis_kerak
Jelaskan perbedaan antara kerak benua dan kerak samudera.,jenis_kerak
Bagaimana komposisi dan struktur kerak benua?,jenis_kerak
Bagaimana komposisi dan struktur kerak samudera?,jenis_kerak
Apa saja jenis kerak bumi,jenis_kerak
Jenis kerak bumi,jenis_kerak
Apa itu kerak benua,jenis_kerak
Apa itu kerak samudera,jenis_kerak
Perbedaan kerak benua dan samudera,jenis_kerak
Sebutkan jenis kerak bumi,jenis_kerak
Apa yang dimaksud dengan mantel?,mantel
Bagaimana definisi mantel?,mantel
mantel adalah,mantel
Jelaskan pengertian mantel,mantel
Apakah mantel itu,mantel
mantel itu apa?,mantel
Apa itu mantel?,mantel
mantel apa,mantel
Jelaskan mantel,mantel
Penjelasan mengenai mantel,mantel
Apasih mantel,mantel
Maksud dari mantel,mantel
Pengertian mantel,mantel
Berikan saya definisi mantel,mantel
Apa sih yang dimaksud dengan mantel,mantel
kerak itu apa?,mantel
mantel,mantel
Apa yang dimaksud dengan inti bumi?,inti
Bagaimana definisi inti bumi?,inti
inti bumi adalah,inti
Jelaskan pengertian inti bumi,inti
Apakah inti bumi itu,inti
inti bumi itu apa?,inti
Apa itu inti bumi?,inti
inti bumi apa,inti
Jelaskan inti bumi,inti
Penjelasan mengenai inti bumi,inti
Apasih inti bumi,inti
Maksud dari inti bumi,inti
Pengertian inti bumi,inti
Berikan saya definisi inti bumi,inti
Apa sih yang dimaksud dengan inti bumi,inti
inti bumi,inti
Pengertian mitigasi gempa,mitigasi
Apa yang dimaksud dengan mitigasi?,mitigasi
Bagaimana definisi mitigasi?,mitigasi
Pengertian mitigasi,mitigasi
Apakah yang dimaksud dengan mitigasi dalam konteks bencana alam?,mitigasi
Mitigasi gempa apa,mitigasi
Mitigasi apa,mitigasi
Pengertian dari mitigasi gempa bumi,mitigasi
Jelaskan mitigasi gempa,mitigasi
Apa itu mitigasi gempa,mitigasi
Mitigasi adalah,mitigasi
Penjelasan mengenai mitigasi gempa,mitigasi
Apa yang dimaksud dengan mitigasi,mitigasi
mitigasi gempa itu apa,mitigasi
Apasih mitigasi,mitigasi
Maksud dari mitigasi,mitigasi
Apa yang harus dilakukan sebelum terjadinya gempa bumi?,persiapan
Bagaimana langkah-langkah persiapan sebelum gempa bumi?,persiapan
Apakah ada tindakan khusus yang harus dilakukan sebelum gempa?,persiapan
Bagaimana cara mempersiapkan diri sebelum terjadi gempa bumi?,persiapan
Persiapan gempa bumi,persiapan
Yang harus dilakukan sebelum gempa,persiapan
Persiapan yang bisa dilakukan sebelum gempa,persiapan
Kegiatan sebelum gempa bumi,persiapan
Apa yang dimaksud dengan rencana tanggap gempa bumi?,rencana_tanggap
Bagaimana definisi rencana tanggap gempa bumi?,rencana_tanggap
Apakah yang dimaksud dengan rencana tanggap dalam konteks gempa bumi?,rencana_tanggap
Rencana tanggap adalah,rencana_tanggap
Pengertian rencana tanggap,rencana_tanggap
Apa langkah-langkah yang termasuk dalam rencana tanggap gempa bumi?,rencana_tanggap
Rencana tanggap darurat,rencana_tanggap
Apa yang dimaksud dengan rencana tanggap,rencana_tanggap
Bagaimana cara persiapan dokumen saat terjadi gempa?,siap_dokumen
Apa langkah-langkah yang harus diambil untuk melindungi dokumen saat terjadi gempa?,siap_dokumen
Bagaimana cara mempersiapkan dokumen penting saat terjadi gempa bumi?,siap_dokumen
Apakah ada hal yang harus dilakukan terkait dokumen saat terjadi gempa?,siap_dokumen
Dokumen apa saja yang disiapkan,siap_dokumen
Dokumen yang harus dipersiapkan,siap_dokumen
Apa saja dokumen yang persiapkan,siap_dokumen
Jenis dokumen yang disiapkan,siap_dokumen
Bagaimana saya harus bertindak di dalam gedung saat terjadi gempa?,mitigasi_dalam_gedung
Apakah ada langkah-langkah yang harus diikuti di dalam gedung saat terjadi gempa?,mitigasi_dalam_gedung
Apa yang harus dilakukan saat gempa terjadi di dalam gedung?,mitigasi_dalam_gedung
Terjadi gempa saat saya dalam gedung,mitigasi_dalam_gedung
Bagaimana cara mempersiapkan diri di dalam gedung saat terjadi gempa?,mitigasi_dalam_gedung
Langkah-langkah apa yang harus diambil untuk keselamatan di dalam gedung saat gempa bumi?,mitigasi_dalam_gedung
Mitigasi gempa dalam gedung,mitigasi_dalam_gedung
langkah langkah mitigasi dalam gedung,mitigasi_dalam_gedung
Cara mitigasi resiko jika terjadi gempa didalam gedung,mitigasi_dalam_gedung
Bagaimana saya harus bertindak di dalam rumah saat terjadi gempa?,mitigasi_dalam_rumah
Apakah ada langkah-langkah yang harus diikuti di dalam rumah saat terjadi gempa?,mitigasi_dalam_rumah
Apa yang harus dilakukan saat gempa terjadi di dalam rumah?,mitigasi_dalam_rumah
Terjadi gempa saat saya dalam rumah,mitigasi_dalam_rumah
Bagaimana cara mempersiapkan diri di dalam rumah saat terjadi gempa?,mitigasi_dalam_rumah
Langkah-langkah apa yang harus diambil untuk keselamatan di dalam rumah saat gempa bumi?,mitigasi_dalam_rumah
Mitigasi gempa dalam rumah,mitigasi_dalam_rumah
langkah langkah mitigasi dalam rumah,mitigasi_dalam_rumah
Cara mitigasi resiko jika terjadi gempa didalam rumah,mitigasi_dalam_rumah
Bagaimana saya harus bertindak di dalam lift saat terjadi gempa?,mitigasi_dalam_lift
Apakah ada langkah-langkah yang harus diikuti jika saya dalam lift saat terjadi gempa?,mitigasi_dalam_lift
Apa yang harus dilakukan saat gempa terjadi di dalam lift?,mitigasi_dalam_lift
Terjadi gempa saat saya dalam lift,mitigasi_dalam_lift
Bagaimana cara mempersiapkan diri di dalam lift saat terjadi gempa?,mitigasi_dalam_lift
Langkah-langkah apa yang harus diambil untuk keselamatan di dalam lift saat gempa bumi?,mitigasi_dalam_lift
Mitigasi gempa dalam lift,mitigasi_dalam_lift
langkah langkah mitigasi gempa dalam lift,mitigasi_dalam_lift
Cara mitigasi resiko jika terjadi gempa didalam lift,mitigasi_dalam_lift
Apa yang harus dilakukan di luar ruangan saat terjadi gempa?,mitigasi_luar_ruangan
Bagaimana langkah-langkah mitigasi di luar ruangan saat terjadi gempa?,mitigasi_luar_ruangan
Apakah ada petunjuk khusus untuk bertindak di luar ruangan saat gempa bumi?,mitigasi_luar_ruangan
Terjadi gempa saat saya diluar ruangan,mitigasi_luar_ruangan
Bagaimana cara mempersiapkan diri untuk keselamatan di luar ruangan saat terjadi gempa?,mitigasi_luar_ruangan
Mitigasi gempa luar ruangan,mitigasi_luar_ruangan
langkah langkah mitigasi luar ruangan,mitigasi_luar_ruangan
Cara mitigasi resiko jika terjadi gempa luar ruangan,mitigasi_luar_ruangan
mitigasi gempa jika saya diliuar ruangan,mitigasi_luar_ruangan
Apa yang harus dilakukan jika terjadi gempa di tempat yang ramai?,mitigasi_tempat_ramai
Bagaimana tindakan yang harus diambil saat terjadi gempa di tempat dengan banyak orang?,mitigasi_tempat_ramai
Bagaimana cara aman berperilaku saat terjadi gempa di tempat umum?,mitigasi_tempat_ramai
Apakah ada langkah-langkah khusus yang harus diambil saat terjadi gempa di gedung atau tempat ramai?,mitigasi_tempat_ramai
Bagaimana cara menghindari bahaya saat terjadi gempa di pusat perbelanjaan atau tempat umum lainnya?,mitigasi_tempat_ramai
Apakah ada prosedur khusus untuk evakuasi saat terjadi gempa di tempat yang ramai?,mitigasi_tempat_ramai
Mitigasi gempa tempat ramai,mitigasi_tempat_ramai
langkah langkah mitigasi tempat ramai,mitigasi_tempat_ramai
Cara mitigasi resiko jika terjadi gempa ditempat ramai,mitigasi_tempat_ramai
Di mana tempat yang paling aman saat terjadi gempa?,tempat_paling_aman
Bagaimana cara menemukan tempat yang aman saat gempa terjadi?,tempat_paling_aman
Apakah ada lokasi yang lebih aman untuk berlindung saat terjadi gempa?,tempat_paling_aman
Di mana tempat paling aman yang saya datangi saat terjadi gempa untuk mencari perlindungan?,tempat_paling_aman
Area paling aman saat gempa,tempat_paling_aman
Tempat aman saat terjadi gempa,tempat_paling_aman
Apa yang harus dilakukan setelah terjadi gempa bumi?,setelah_gempa
Bagaimana langkah-langkah yang harus diambil setelah gempa bumi?,setelah_gempa
Apakah ada prosedur khusus yang harus diikuti setelah terjadi gempa?,setelah_gempa
Bagaimana cara bertindak setelah gempa bumi terjadi?,setelah_gempa
Apa yang harus dilakukan setelah gempa,setelah_gempa
Tindakan setelah gempa,setelah_gempa
Apa yang dilakukan setelah gempa terjadi,setelah_gempa
Apakah terjadinya gempa berkaitan dengan cuaca atau musim?,musim_gempa
Apakah terjadinya gempa berkaitan dengan cuaca?,musim_gempa
Apakah ada hubungan antara musim dan terjadinya gempa?,musim_gempa
Apakah cuaca atau musim mempengaruhi frekuensi terjadinya gempa?,musim_gempa
Apakah lebih banyak gempa terjadi saat musim tertentu?,musim_gempa
Bagaimana hubungan antara kejadian gempa dan kondisi cuaca?,musim_gempa
Apakah ada korelasi antara perubahan cuaca dan terjadinya gempa bumi?,musim_gempa
Siapakah lembaga yang bertanggung jawab dalam penanganan gempa?,lembaga
Apakah ada lembaga yang terlibat dalam penanggulangan gempa bumi?,lembaga
Apa peran lembaga-lembaga dalam mengatasi dampak gempa bumi?,lembaga
Lembaga mana yang berperan dalam menangani situasi saat terjadi gempa?,lembaga
Siapakah yang menjadi koordinator penanganan gempa bumi di Indonesia?,lembaga
"Apa saja lembaga pemerintah yang terlibat dalam penanggulangan bencana alam, termasuk gempa bumi?",lembaga
Lembaga apa saja yang bertanggung saat terjadi gempa,lembaga
Lembaga yang berperan pada saat terjadi gempa,lembaga
Siapa saja lembaga penanganan gempa,lembaga
Apakah bulan purnama berpengaruh pada kekuatan gempa?,purnama_gempa
Apakah ada korelasi antara bulan purnama dan terjadinya gempa?,purnama_gempa
Bagaimana hubungan antara fase bulan dan kekuatan gempa?,purnama_gempa
Bisakah bulan purnama mempengaruhi frekuensi gempa bumi?,purnama_gempa
Hubungan bulan purnama dengan gempa,purnama_gempa
Apakah ada bukti ilmiah yang mendukung klaim bahwa bulan purnama memicu gempa?,purnama_gempa
Apakah benar bahwa orang bisa ditelan oleh tanah saat gempa?,mitos_telan
Apakah ada kemungkinan kita akan terperangkap di dalam tanah saat gempa?,mitos_telan
Apakah benar bahwa tanah bisa terbelah dan orang jatuh ke dalamnya saat gempa?,mitos_telan
Apakah kita bisa terperangkap di dalam tanah karena gempa?,mitos_telan
Bisakah kita ditelan gempa,mitos_telan
Tertelan gempa,mitos_telan
Ditelan oleh gempa,mitos_telan
Apakah gempa kecil dapat mencegah terjadinya gempa besar?,mitos_kecil
Apakah gempa kecil bisa mengurangi kemungkinan terjadinya gempa besar?,mitos_kecil
Apakah gempa kecil memiliki pengaruh terhadap kemungkinan terjadinya gempa besar?,mitos_kecil
Apakah gempa kecil akan meminimalkan gempa besar,mitos_kecil
Gempa kecil meringankan gempa besar,mitos_kecil
Apakah makin besar magnitudo gempa maka makin parah dampaknya?,mitos_kerusakan
Apakah hubungan antara magnitudo gempa dan intensitas kerusakan?,mitos_kerusakan
Apakah gempa dengan magnitudo yang lebih besar selalu menyebabkan kerusakan yang lebih besar?,mitos_kerusakan
Benarkah gempa dengan magnitudo besar akan menyebabkan banyak kerusakan,mitos_kerusakan
Apakah gempa dengan magnitudo besar berarti kerusakan yang lebih parah,mitos_kerusakan
Apakah aman berlindung di kerangka pintu saat gempa?,mitos_pintu
Apakah kerangka pintu tempat yang aman saat terjadi gempa?,mitos_pintu
Apakah kerangka pintu merupakan tempat yang direkomendasikan untuk berlindung saat gempa?,mitos_pintu
Apakah berlindung di kerangka pintu masih aman,mitos_pintu
Amankah berlindung di kerangka pintu saat gempa,mitos_pintu
Apa saja tipe gempa,tipe_gempa
Sebutkan tipe gempa,tipe_gempa
Apakah ada tipe gempa,tipe_gempa
Tipe gempa,tipe_gempa
Tipe gempa apa saja,tipe_gempa
Tipe gempa bumi apa saja?,tipe_gempa
Apa saja tipe gempa bumi?,tipe_gempa
Gempa bumi memiliki tipe apa saja?,tipe_gempa
tipe gempa bumi,tipe_gempa
Jelaskan tipe gempa,tipe_gempa
Berapa banyak tipe gempa,tipe_gempa
Berikan saya tipe gempa,tipe_gempa
Tipe gempa itu apa aja,tipe_gempa
Apa itu gempa pendahulu,foreshock
Pengertian gempa pendahulu,foreshock
Jelaskan gempa pendahulu,foreshock
Gempa pendahulu adalah,foreshock
Gempa pendahulu apa,foreshock
Apa yang dimaksud dengan gempa pendahulu,foreshock
Berikan saya definisi gempa pendahulu,foreshock
Apa sih yang dimaksud dengan gempa pendahulu,foreshock
Bagaimana gempa pendahulu terjadi,foreshock
Gempa pendahulu,foreshock
Apa itu gempa utama,mainshock
Pengertian gempa utama,mainshock
Jelaskan gempa utama,mainshock
Gempa utama adalah,mainshock
Gempa utama apa,mainshock
Apa yang dimaksud dengan gempa utama,mainshock
Berikan saya definisi gempa utama,mainshock
Apa sih yang dimaksud dengan gempa utama,mainshock
Bagaimana gempa utama terjadi,mainshock
Gempa utama,mainshock
Pengertian gempa susulan,aftershock
Jelaskan gempa susulan,aftershock
Gempa susulan adalah,aftershock
Gempa susulan apa,aftershock
Apa yang dimaksud dengan gempa susulan,aftershock
Berikan saya definisi gempa susulan,aftershock
Apa sih yang dimaksud dengan gempa susulan,aftershock
Bagaimana gempa susulan terjadi,aftershock
Gempa susulan,aftershock
Apa itu intensitas gempa bumi?,intensitas
Bisakah Anda menjelaskan tentang intensitas gempa?,intensitas
Mohon penjelasan tentang intensitas gempa bumi.,intensitas
Bagaimana definisi intensitas dalam konteks gempa bumi?,intensitas
Apa yang dimaksud dengan intensitas gempa bumi?,intensitas
Intensitas adalah,intensitas
Pengertian dari intensitas apa,intensitas
Apa yang dimaksud dengan intensitas,intensitas
Jelaskan intensitas,intensitas
Apa itu skala Intensitas Mercalli (MMI)?,skala_mmi
Bisakah anda menjelaskan tentang MMI?,skala_mmi
Mohon penjelasan tentang Skala MMI.,skala_mmi
Apa yang dimaksud skala MMI,skala_mmi
Skala Intensitas Mercalli adalah,skala_mmi
Pengertian Skala Intensitas Mercalli (MMI),skala_mmi
Jelaska apa itu skala mmi,skala_mmi
Skala MMI adalah,skala_mmi
Apa itu Skala Intensitas Gempabumi (SIG)?,skala_sig
Bisakah Anda menjelaskan tentang SIG?,skala_sig
Mohon penjelasan tentang Skala SIG.,skala_sig
Apa yang dimaksud skala SIG,skala_sig
Jelaskan skala sig,skala_sig
Defini skala sig,skala_sig
Skala Intensitas Gempabumi (SIG) adalah,skala_sig
Skala intensitas Gempabumi atau SIG adalah,skala_sig
Bagaimana tingkat skala SIG BMKG dijelaskan?,tingkatan_skala_sig
Apa yang dimaksud dengan tingkatan skala SIG BMKG?,tingkatan_skala_sig
Bisakah Anda menjelaskan tingkatan skala SIG BMKG?,tingkatan_skala_sig
Tingkatan skala SIG BMKG dijelaskan bagaimana?,tingkatan_skala_sig
Sebutkan tingkatan skala SIG,tingkatan_skala_sig
Tingkatan skala sig,tingkatan_skala_sig
Level skala sig,tingkatan_skala_sig
Sebutkan tingkaran skala sig,tingkatan_skala_sig
Tingkatan skala sig apa aja,tingkatan_skala_sig
Apa saja tningkatan skala sig,tingkatan_skala_sig
Bagaimana tingkat skala mmi dijelaskan?,tingkatan_skala_mmi
Apa yang dimaksud dengan tingkatan skala mmi ?,tingkatan_skala_mmi
Bisakah Anda menjelaskan tingkatan skala mmi?,tingkatan_skala_mmi
Tingkatan skala mmi dijelaskan bagaimana?,tingkatan_skala_mmi
Sebutkan tingkatan skala mmi,tingkatan_skala_mmi
Tingkatan skala mmi,tingkatan_skala_mmi
Level skala mmi,tingkatan_skala_mmi
Sebutkan tingkaran skala mmi,tingkatan_skala_mmi
Tingkatan skala mmi apa aja,tingkatan_skala_mmi
Apa saja tingkatan skala mmi,tingkatan_skala_mmi
Apa saja perbedaan skala intensitas dan maginitudo,perbedaan_intensitas_magnitudo
Perbedaan skala intensitas dan magnitudo,perbedaan_intensitas_magnitudo
Intensitas dan magnitudo bedanya apa aja,perbedaan_intensitas_magnitudo
Yang menjadi pembeda antara intesitas dan magnitudo,perbedaan_intensitas_magnitudo
Apa saja perbedaaan skala intensitas dan magnitudo,perbedaan_intensitas_magnitudo
Sebutkan perbedaan skala intensitas dan magnitudo,perbedaan_intensitas_magnitudo
Skala magnitudo dan intensitas bedannya apa,perbedaan_intensitas_magnitudo
Apa saja perbedaan skala intensitas dan magnitudo,perbedaan_intensitas_magnitudo
Beda skala intensitas dan magnitudo,perbedaan_intensitas_magnitudo
Jelaskan perbedaan skala intensitas dan magnitudo,perbedaan_intensitas_magnitudo
skala intensitas dan magnitudo,perbedaan_intensitas_magnitudo
Beda intensitas dan magnitudo,perbedaan_intensitas_magnitudo
Perbedaan intensitas dan magnitudo,perbedaan_intensitas_magnitudo
Berapa lama gempa bisa terjadi,lama_gempa
Waktu yang dipakai untuk gempa,lama_gempa
Lamanya getaran saat gempa,lama_gempa
Waktu yang diperlukan untuk gempa,lama_gempa
Waktu gempa terjadi,lama_gempa
Lama gempa beraktivitas,lama_gempa
Gempa lama,lama_gempa
Berapa detik gempa terjadi,lama_gempa
Berapa menit gempa terjadi,lama_gempa
Berapa jam gempa terjadi,lama_gempa
Bagaimana perasaanmu saat gempa terjadi?,pengalaman_gempa
Apa yang kamu rasakan ketika gempa terjadi?,pengalaman_gempa
Bagaimana sensasimu saat terjadi gempa?,pengalaman_gempa
"Saat gempa terjadi, apa yang kamu rasakan?",pengalaman_gempa
Pengalaman saat gempa,pengalaman_gempa
Apakah gempa bisa menyebabkan gunung meletus?,meletus_gunung
Apakah gempa bumi bisa memicu letusan gunung berapi?,meletus_gunung
Apakah ada kaitan antara gempa bumi dan letusan gunung?,meletus_gunung
Bisakah gempa menyebabkan gunung berapi meletus?,meletus_gunung
Gunung meletus akibat gempa,meletus_gunung
Gempa mengakibatkan gunung meletus,meletus_gunung
Apa gempa terbesar yang pernah terjadi di dunia?,gempa_terbesar_dunia
Gempa mana yang dianggap sebagai yang terbesar dalam sejarah dunia?,gempa_terbesar_dunia
Gempa dengan kekuatan terbesar di dunia terjadi di mana dan kapan?,gempa_terbesar_dunia
Berapa kekuatan gempa terbesar yang pernah terjadi di dunia?,gempa_terbesar_dunia
Gempa mana yang memiliki dampak paling besar di dunia?,gempa_terbesar_dunia
Gempa terbesar dunia,gempa_terbesar_dunia
Gempa terbesar sepanjang sejarah,gempa_terbesar_dunia
Apa gempa bumi dengan jumlah korban terbanyak dalam sejarah?,gempa_mematikan_dunia
Gempa bumi mana yang memiliki korban terbanyak?,gempa_mematikan_dunia
Apakah ada gempa bumi yang memiliki jumlah korban tewas paling besar?,gempa_mematikan_dunia
Gempa bumi dengan jumlah korban terbesar terjadi di mana?,gempa_mematikan_dunia
Apakah Anda tahu tentang gempa bumi yang memakan korban paling banyak?,gempa_mematikan_dunia
Gempa mematikan dunia,gempa_mematikan_dunia
Apa gempa terbesar yang pernah terjadi di Indonesia?,gempa_terbesar_indonesia
Gempa mana yang dianggap sebagai yang terparah dalam sejarah Indonesia?,gempa_terbesar_indonesia
Gempa dengan kekuatan terbesar di Indonesia terjadi di mana dan kapan?,gempa_terbesar_indonesia
Berapa kekuatan gempa terbesar yang terjadi di Indonesia?,gempa_terbesar_indonesia
Gempa mana yang memiliki dampak paling besar di Indonesia?,gempa_terbesar_indonesia
Gempa terbesar indonesia,gempa_terbesar_indonesia
Apa tsunami terparah yang pernah terjadi di dunia?,tsunami_terparah_dunia
Tsunami mana yang dianggap sebagai yang terparah dalam sejarah?,tsunami_terparah_dunia
Tsunami mana yang memiliki jumlah korban jiwa tertinggi di dunia?,tsunami_terparah_dunia
Apakah pernah terjadi tsunami yang sangat mematikan dalam sejarah?,tsunami_terparah_dunia
Tsunami terparah dalam sejarah dunia terjadi di mana dan kapan?,tsunami_terparah_dunia
Berapa jumlah korban jiwa dari tsunami terparah dalam sejarah?,tsunami_terparah_dunia
Apa itu cincin api?,cincin_api
Bagaimana anda mendefinisikan cincin api?,cincin_api
Apakah yang dimaksud dengan cincin api pasifik?,cincin_api
Jelaskan tentang cincin api.,cincin_api
Apa yang dimaksud dengan istilah 'cincin api' dalam konteks geologi?,cincin_api
Mengapa cincin api dikenal sebagai wilayah yang rentan terhadap gempa bumi dan letusan gunung berapi?,cincin_api
Bagaimana ciri khas cincin api?,cincin_api
Apa saja istilah yang bisa saya cari di sini?,saran
Ada daftar istilah yang tersedia?,saran
Apakah ada istilah yang dijelaskan di sini?,saran
Bisakah saya mencari definisi beberapa istilah?,saran
Apakah chatbot ini memiliki daftar istilah yang dapat saya jelajahi?,saran
Saya binggung mau nanya apa,saran
Bagaimana saya bisa mencari informasi tentang istilah terkait gempa bumi?,saran
Bisakah anda memberikan saya saran pertanyaan?,saran
Apakah anda punya saran pertayaan untuk saya?,saran
Saya tidak tau mau nanya apa,saran
Apakah saran pertanyaan yang anda miliki,saran
Saya tidak tau mau menanyakan apa,saran
"Gak tau pertanyaan saya, saranin dong",saran
Bagaimana gempa bumi memengaruhi hubungan sosial?,sektor_sosial_gempa
Apakah ada dampak sosial dari gempa bumi?,sektor_sosial_gempa
Bagaimana masyarakat bereaksi terhadap gempa bumi dari segi sosial?,sektor_sosial_gempa
Bagaimana ketergantungan pada bantuan meningkat setelah terjadinya gempa bumi?,sektor_sosial_gempa
Hubungan sektor sosial dengan gempa,sektor_sosial_gempa
Sektor sosial gempa,sektor_sosial_gempa
Apa saja dampak gempa ke sektor ekonomi?,sektor_ekonomi_gempa
Bagaimana gempa bumi memengaruhi sektor ekonomi?,sektor_ekonomi_gempa
Apakah ada kerugian ekonomi yang disebabkan oleh gempa bumi?,sektor_ekonomi_gempa
Bagaimana upaya pemulihan ekonomi dilakukan setelah terjadinya gempa bumi?,sektor_ekonomi_gempa
Hubungan sektor ekonomi dengan gempa,sektor_ekonomi_gempa
Sektor ekonomi gempa,sektor_ekonomi_gempa
Bagaimana gempa bumi mempengaruhi sektor pertanian?,sektor_agrikultur_gempa
Apakah ada dampak gempa bumi pada produksi pertanian?,sektor_agrikultur_gempa
Bagaimana kerusakan infrastruktur akibat gempa bumi memengaruhi pertanian?,sektor_agrikultur_gempa
Apakah ada gangguan pada rantai pasokan pangan akibat gempa bumi?,sektor_agrikultur_gempa
Bagaimana kondisi petani setelah terjadinya gempa bumi?,sektor_agrikultur_gempa
Hubungan sektor agrikultur dengan gempa,sektor_agrikultur_gempa
Sektor agrikultur gempa,sektor_agrikultur_gempa
Apa hubungan sektor agrikultur dengan gempa bumi,sektor_agrikultur_gempa
Jelaskan hubungan sektor agrikultur dengan gempa,sektor_agrikultur_gempa
Bagaimana peran pendidikan dalam menghadapi gempa bumi?,sektor_pendidikan_gempa
Apakah pendidikan memiliki dampak dalam mengurangi risiko gempa bumi?,sektor_pendidikan_gempa
Bagaimana pendidikan dapat membantu mengurangi dampak gempa bumi?,sektor_pendidikan_gempa
Apakah ada program pendidikan khusus untuk menghadapi gempa bumi?,sektor_pendidikan_gempa
Bagaimana sekolah dapat berkontribusi dalam kesiapsiagaan terhadap gempa bumi?,sektor_pendidikan_gempa
Hubungan sektor pendidikan dengan gempa,sektor_pendidikan_gempa
Sektor pendidikan gempa,sektor_pendidikan_gempa
Bagaimana gempa bumi memengaruhi kesehatan mental manusia?,pengaruh_mental
Apakah ada dampak psikologis dari gempa bumi?,pengaruh_mental
Bagaimana gempa bumi mempengaruhi kondisi mental korban?,pengaruh_mental
Apakah ada masalah kesehatan mental yang muncul setelah gempa bumi?,pengaruh_mental
Pengaruh mental akibat gempa,pengaruh_mental
Apa aja dampak mental akibat gempa,pengaruh_mental
Pengaruh mental,pengaruh_mental
Dampak gempa ke mental korban,pengaruh_mental
Dampak gempa terhadap kesehatan mental,pengaruh_mental
Dampak apa saja yang diberikan gempa terhadap kesehatan mental,pengaruh_mental
Hubungan kesehatan mental dengan gempa,pengaruh_mental
Kesehatan mental gempa,pengaruh_mental
Akibat kesehatan mental oleh gempa,pengaruh_mental
Sebutkan dampak gempa terhadap kesehatan mental,pengaruh_mental
Apakah gempa menyebabkan trauma,pengaruh_mental
Bagaimana cara mengatasi masalah kesehatan mental setelah gempa bumi?,penanganan_kesehatan_mental
Apakah ada saran untuk mengatasi dampak mental dari gempa bumi?,penanganan_kesehatan_mental
Bagaimana cara mendapatkan bantuan untuk kesehatan mental pasca-gempa?,penanganan_kesehatan_mental
Apakah ada langkah-langkah yang dapat diambil untuk memulihkan kesehatan mental setelah terjadi gempa bumi?,penanganan_kesehatan_mental
Mengatasi mental akibat gempa,penanganan_kesehatan_mental
Mengatasi trauma akibat gempa,penanganan_kesehatan_mental
Pengobatan mental akibat gempa,penanganan_kesehatan_mental
Pengobatan trauma akibat gempa,penanganan_kesehatan_mental
Bagaimana cara mengobati mental korban,penanganan_kesehatan_mental
Bagaimana cara trauma mental korban,penanganan_kesehatan_mental
Cara mengobati kesehatan mental korban gempa,penanganan_kesehatan_mental
Cara memulihkan trauma akibat gempa,penanganan_kesehatan_mental
Bagaimana cara mengobati trauma korban gempa,penanganan_kesehatan_mental
makasih ya,terima_kasih
makasih,terima_kasih
makasih jawabanya,terima_kasih
mantap,terima_kasih
tepat,terima_kasih
siap,terima_kasih
matur nuwun,terima_kasih
terima kasih banyak,terima_kasih
Terima kasih,terima_kasih
Thanks,terima_kasih
Thank you,terima_kasih
Itu membantu,terima_kasih
Luar biasa terima kasih,terima_kasih
Terima kasih telah membantu saya,terima_kasih
Ok terima kasih,terima_kasih
terimakasih,terima_kasih
Terimakasih,terima_kasih
thq,terima_kasih
siapa kamu,kamu
kamu siapa?,kamu
nama mu siapa,kamu
siapa namamu,kamu
apa namamu,kamu
nama kamu,kamu
nama kamu siapa?,kamu
Halo,sapaan
Hai,sapaan
Selamat pagi,sapaan
Selamat siang,sapaan
Selamat sore,sapaan
Selamat malam,sapaan
Apa kabar?,sapaan
Bagaimana hari Anda?,sapaan
Tolong bantu saya,sapaan
mau tanya,sapaan
Hay,sapaan
Hy,sapaan
Hallo,sapaan
Hey,sapaan
Hola,sapaan
Hello,sapaan
p,sapaan
mikum,sapaan
assamualaikaum,sapaan
hi,sapaan
Bagaimana proses pengungsian saat terjadi gempa bumi?,pengungsian
Apakah ada langkah-langkah yang harus diikuti dalam pengungsian saat gempa bumi?,pengungsian
Bagaimana masyarakat dievakuasi saat terjadi gempa bumi?,pengungsian
Proses evakuasi masyarakat pada saat gempa,pengungsian
Proses pengungsian gempa bumi,pengungsian
Apa itu peringatan dini gempa bumi?,sistem_peringatan_dini
Jelaskan apa itu peringatan dini gempa,sistem_peringatan_dini
Kegunaan dari peringatan dini gempa,sistem_peringatan_dini
Penjelasan tentang peringatan dini gempa bumi.,sistem_peringatan_dini
Apa yang dimaksud dengan peringatan dini gempa bumi?,sistem_peringatan_dini
Peringatan dini gempa bumi adalah,sistem_peringatan_dini
Apa yang dimaksud dengan peringatan dini gempa bumi,sistem_peringatan_dini
Jelaskan peringatan dini gempa bumi,sistem_peringatan_dini
Apakah hewan juga diselamatkan saat gempa?,penyelamatan_hewan
Siapa yang menyelamatkan hewan saat gempa?,penyelamatan_hewan
Bagaimana proses penyelamatan hewan saat gempa bumi?,penyelamatan_hewan
Penyelamat hewan saat bencana gempa,penyelamatan_hewan
Apakah ada jenis bantuan yang tersedia untuk korban gempa?,bantuan_pasca_gempa
Bagaimana pemerintah dan organisasi lain membantu korban gempa untuk pulih?,bantuan_pasca_gempa
Apa saja bentuk bantuan yang disediakan setelah terjadinya gempa?,bantuan_pasca_gempa
Bisakah Anda jelaskan jenis bantuan yang tersedia bagi korban gempa untuk memulihkan diri?,bantuan_pasca_gempa
Apa yang dimaksud dengan bantuan pasca gempa,bantuan_pasca_gempa
Bantuan pasca gempa,bantuan_pasca_gempa
Bantuan apa yang bisa diberikan untuk korban gempa,bantuan_pasca_gempa
Bantuan untuk kerban gempa,bantuan_pasca_gempa
Mengapa pelatihan gempa bumi penting?,pelatihan
Apa yang dimaksud pelatihan gempa,pelatihan
Apa manfaat dari pelatihan gempa bumi?,pelatihan
Kenapa kita perlu melaksanakan pelatihan gempa bumi?,pelatihan
Apa saja alasan pentingnya pelatihan gempa bumi?,pelatihan
Apa itu simulasi gempa?,simulasi_gempa
Bagaimana simulasi gempa dilakukan?,simulasi_gempa
Apa tujuan dari simulasi gempa?,simulasi_gempa
Apa itu simulasi gempa,simulasi_gempa
Pengertian simulasi gempa,simulasi_gempa
Apa itu bangunan tahan gempa?,bangunan_tahan_gempa
Bagaimana bangunan tahan gempa dirancang?,bangunan_tahan_gempa
Apa yang membuat bangunan tahan gempa berbeda dari bangunan biasa?,bangunan_tahan_gempa
Apa saja ciri-ciri fisik bangunan tahan gempa?,bangunan_tahan_gempa
Mengapa penting untuk memiliki bangunan tahan gempa?,bangunan_tahan_gempa
Apa peran Badan Nasional Penanggulangan Bencana (BNPB)?,bnpb
Apa fungsi utama BNPB dalam penanggulangan bencana?,bnpb
Bagaimana BNPB berperan dalam menghadapi bencana alam?,bnpb
Bisakah Anda menjelaskan tugas dan tanggung jawab BNPB?,bnpb
Tugas dan tanggung jawab BNPB,bnpb
Tugas dan tanggung jawab Badan Nasional Penanggulangan Bencana,bnpb
Apa saja fungsi BNPB?,bnpb
Apa saja fungsi Badan Nasional Penanggulangan Bencana?,bnpb
Peran BNPB,bnpb
Peran Badan Nasional Penanggulangan Bencana,bnpb
Apa itu BNPB,bnpb
Jelaskan BNPB,bnpb
Apa peran Badan Penanggulangan Bencana Daerah (BPBD)?,bpbd
Apa fungsi utama BPBD dalam penanggulangan bencana?,bpbd
Bagaimana BPBD berperan dalam menghadapi bencana alam?,bpbd
Bisakah Anda menjelaskan tugas dan tanggung jawab BPBD?,bpbd
Tugas dan tanggung jawab BPBD,bpbd
Tugas dan tanggung jawab Badan Penanggulangan Bencana Daerah,bpbd
Apa saja fungsi BPBD?,bpbd
Apa saja fungsi Badan Penanggulangan Bencana Daerah?,bpbd
Peran BPBD,bpbd
Peran Badan Penanggulangan Bencana Daerah,bpbd
Apa itu BPBD,bpbd
Jelaskan BPBD,bpbd
Apa peran Badan Meteorologi Klimatologi dan Geofisika (BMKG)?,bmkg
Apa fungsi utama BMKG dalam penanggulangan bencana?,bmkg
Bagaimana BMKG berperan dalam menghadapi bencana alam?,bmkg
Bisakah Anda menjelaskan tugas dan tanggung jawab BMKG?,bmkg
Tugas dan tanggung jawab BMKG,bmkg
Tugas dan tanggung jawab Badan Meteorologi Klimatologi dan Geofisika,bmkg
Apa saja fungsi BMKG?,bmkg
Apa saja fungsi Badan Meteorologi Klimatologi dan Geofisika?,bmkg
Peran BMKG,bmkg
Peran Badan Meteorologi Klimatologi dan Geofisika,bmkg
Apa itu BMKG,bmkg
Jelaskan BMKG,bmkg
Apa peran pemerintah daerah?,pemerintah daerah
Apa fungsi utama pemerintah daerah dalam penanggulangan bencana?,pemerintah daerah
Bagaimana pemerintah daerah berperan dalam menghadapi bencana alam?,pemerintah daerah
Bisakah Anda menjelaskan tugas dan tanggung jawab pemerintah daerah?,pemerintah daerah
Tugas dan tanggung jawab pemerintah daerah,pemerintah daerah
Apa saja fungsi pemerintah daerah?,pemerintah daerah
Peran pemerintah daerah,pemerintah daerah
Apa peran Badan Nasional Pencarian dan Pertolongan (BASARNAS)?,basarnas
Apa fungsi utama BASARNAS dalam penanggulangan bencana?,basarnas
Bagaimana BASARNAS berperan dalam menghadapi bencana alam?,basarnas
Bisakah Anda menjelaskan tugas dan tanggung jawab BASARNAS?,basarnas
Tugas dan tanggung jawab BASARNAS,basarnas
Tugas dan tanggung jawab Badan Nasional Pencarian dan Pertolongan,basarnas
Apa saja fungsi BASARNAS?,basarnas
Apa saja fungsi Badan Nasional Pencarian dan Pertolongan?,basarnas
Peran BASARNAS,basarnas
Peran Badan Nasional Pencarian dan Pertolongan,basarnas
Apa itu BASARNAS,basarnas
Jelaskan BASARNAS,basarnas
Apa peran Palang Merah Indonesia (PMI)?,pmi
Apa fungsi utama PMI dalam penanggulangan bencana?,pmi
Bagaimana PMI berperan dalam menghadapi bencana alam?,pmi
Bisakah Anda menjelaskan tugas dan tanggung jawab PMI?,pmi
Tugas dan tanggung jawab PMI,pmi
Tugas dan tanggung jawab Palang Merah Indonesia,pmi
Apa saja fungsi PMI?,pmi
Apa saja fungsi Palang Merah Indonesia?,pmi
Peran PMI,pmi
Peran Palang Merah Indonesia,pmi
Apa itu PMI,pmi
Jelaskan PMI,pmi
Apa peran relawan?,relawan
Apa fungsi utama relawan dalam penanggulangan bencana?,relawan
Bagaimana relawan berperan dalam menghadapi bencana alam?,relawan
Bisakah Anda menjelaskan tugas dan tanggung jawab relawan?,relawan
Tugas dan tanggung jawab relawan,relawan
Apa saja fungsi relawan?,relawan
Peran relawan,relawan
Apa yang bisa saya lakukan untuk korban pasca gempa,peran_yang_bisa_dilakukan
Apa yang bisa saya lakukan untuk membantu korban pasca gempa?,peran_yang_bisa_dilakukan
Bagaimana saya dapat memberikan kontribusi kepada korban gempa?,peran_yang_bisa_dilakukan
Apakah ada cara bagi saya untuk membantu meringankan beban korban pasca gempa?,peran_yang_bisa_dilakukan
"Saya ingin memberikan dukungan kepada korban gempa, apa yang bisa saya lakukan?",peran_yang_bisa_dilakukan
Adakah peran yang dapat saya ambil untuk mendukung korban gempa bumi?,peran_yang_bisa_dilakukan
Peran apa yang bisa saya lakukan?,peran_yang_bisa_dilakukan
